habit_id,age_group,min_age,max_age,habit_name,category,why_its_good_habit,kid_facing_prompt,parent_support,suggested_frequency,estimated_minutes,difficulty,evidence_level,evidence_type,source_urls,review_notes
HAB-0001,Ages 5-6,5,6,Brush teeth morning and night,Hygiene,Protects oral health and turns a high-value hygiene task into a predictable morning/evening routine.,Brush for one song in the morning and one song at bedtime.,Brush alongside the child or supervise technique; keep supplies visible.,"Daily, 2x",5,Easy,High,Public health guidance,https://www.cdc.gov/oral-health/prevention/oral-health-tips-for-children.html https://www.unicefusa.org/what-unicef-does/parenting/teach-children-health-habits,
HAB-0002,Ages 5-6,5,6,Put dirty clothes in the hamper,Home responsibility,"Small household jobs build responsibility, executive function, contribution, and confidence through real practice.",Clothes go in the hamper before pajamas or bath.,Use a low hamper and praise completion as part of the routine.,Daily,5,Easy,Moderate,Chore guidance + community practice,https://www.healthychildren.org/English/family-life/family-dynamics/communication-discipline/Pages/Chores-and-Responsibility.aspx https://www.pbs.org/parents/thrive/chore-ideas-for-kids-ages-2-to-8 https://www.reddit.com/r/Parenting/comments/1p7c06n/parents_of_5yr7yr_olds_what_chore_expectations_do/,
HAB-0003,Ages 5-6,5,6,Clear plate to sink after meals,Home responsibility,"Small household jobs build responsibility, executive function, contribution, and confidence through real practice.","When you finish eating, carry your plate to the sink.",Use unbreakable dishes and model the route.,Daily,10,Easy,Moderate,Chore guidance + community practice,https://www.pbs.org/parents/thrive/chore-ideas-for-kids-ages-2-to-8 https://www.reddit.com/r/Parenting/comments/1p7c06n/parents_of_5yr7yr_olds_what_chore_expectations_do/,
HAB-0004,Ages 5-6,5,6,Make bed with simple tidy,Self care,"Small household jobs build responsibility, executive function, contribution, and confidence through real practice.",Pull up the blanket and put your pillow at the top.,Accept child-level effort; avoid remaking in front of them.,Daily,5,Easy,Moderate,Chore guidance + community practice,https://www.healthychildren.org/English/family-life/family-dynamics/communication-discipline/Pages/Chores-and-Responsibility.aspx https://www.reddit.com/r/Parenting/comments/5chejt/what_kinds_of_chores_do_you_expect_your_age_6ish/,
HAB-0005,Ages 5-6,5,6,Pick up toys before a new activity,Organization,"Small household jobs build responsibility, executive function, contribution, and confidence through real practice.",One game goes away before the next adventure starts.,Keep bins labeled with pictures or simple words.,Daily,5,Easy,Moderate,Chore guidance + community practice,https://www.healthychildren.org/English/family-life/family-dynamics/communication-discipline/Pages/Chores-and-Responsibility.aspx https://www.reddit.com/r/Parenting/comments/1bxbm03/7_year_old_chores/,
HAB-0006,Ages 5-6,5,6,Drink water with meals,Health,Repeated exposure to balanced foods and water helps children practice healthy choices without making food a battle.,"Have water with breakfast, lunch, and dinner.",Offer water by default and avoid using sweet drinks as routine rewards.,Daily,10,Easy,High,Public health guidance,https://www.cdc.gov/healthy-weight-growth/tips-parents-caregivers/index.html https://www.healthychildren.org/English/healthy-living/nutrition/Pages/Healthy-Active-Living-for-Families.aspx https://www.unicefusa.org/what-unicef-does/parenting/teach-children-health-habits,
HAB-0007,Ages 5-6,5,6,Eat one fruit or vegetable at snack,Nutrition,Repeated exposure to balanced foods and water helps children practice healthy choices without making food a battle.,Pick one colorful snack today.,Offer two acceptable choices and keep pressure low.,Daily,10,Easy,High,Public health guidance,https://www.cdc.gov/healthy-weight-growth/tips-parents-caregivers/index.html https://www.healthychildren.org/English/healthy-living/nutrition/Pages/Healthy-Active-Living-for-Families.aspx,
HAB-0008,Ages 5-6,5,6,Move body for 10 minutes,Movement,"Short movement habits support cardiovascular health, bone and muscle strength, sleep, mood, and self-regulation.","Run, jump, dance, ride, or play for 10 minutes.",Offer enjoyable options; track participation rather than performance.,Daily,10,Easy,High,Public health guidance,https://www.cdc.gov/physical-activity-education/guidelines/index.html https://www.healthychildren.org/English/healthy-living/nutrition/Pages/Healthy-Active-Living-for-Families.aspx,
HAB-0009,Ages 5-6,5,6,Clap a rhythm pattern,Music practice,"Short music practice can build rhythm, listening, fine-motor control, attention, and practice discipline.",Clap a simple rhythm and repeat it three times.,Model a short pattern or use a familiar song beat.,Daily,10,Easy,Moderate,Music/rhythm research,https://pmc.ncbi.nlm.nih.gov/articles/PMC10216937/ https://www.chhs.niu.edu/child-center/resources/articles/music-and-movement.shtml,
HAB-0010,Ages 5-6,5,6,Sing one short song,Music practice,"Short music practice can build rhythm, listening, fine-motor control, attention, and practice discipline.",Sing one short song from start to finish.,Let the child choose a familiar song and focus on participation.,Daily,10,Easy,Moderate,Music/language guidance,https://pmc.ncbi.nlm.nih.gov/articles/PMC10216937/ https://www.chhs.niu.edu/child-center/resources/articles/music-and-movement.shtml,
HAB-0011,Ages 5-6,5,6,Tap steady beat for one song,Music practice,"Short music practice can build rhythm, listening, fine-motor control, attention, and practice discipline.",Tap the beat while one song plays.,Choose a short song with a clear beat.,Daily,10,Easy,Moderate,Music/rhythm guidance,https://pmc.ncbi.nlm.nih.gov/articles/PMC10216937/ https://www.chhs.niu.edu/child-center/resources/articles/music-and-movement.shtml,
HAB-0012,Ages 5-6,5,6,Bedtime wind-down with reading,Sleep,"Consistent sleep routines support attention, mood, learning, physical health, and smoother family mornings.",Pick a book or quiet story before lights out.,Keep bedtime consistent and make books easy to reach.,Daily,10,Easy,High,Sleep guidance,https://www.cdc.gov/sleep/about/index.html,
HAB-0013,Ages 5-6,5,6,Trace five letters,School skills,"Short, repeated school-skill practice builds fluency so children can focus more attention on ideas, learning, and classroom work.","Trace five letters slowly, starting each one in the right place.",Use large lines or a short worksheet; praise careful formation over speed.,School days,10,Easy,High,Writing/handwriting guidance,https://ies.ed.gov/ncee/wwc/practiceguide/17 https://www.readingrockets.org/topics/writing/articles/importance-teaching-handwriting,
HAB-0014,Ages 5-6,5,6,Write your name once neatly,School skills,"Short, repeated school-skill practice builds fluency so children can focus more attention on ideas, learning, and classroom work.",Write your first name once with careful letter shapes.,Model the first letter if needed and keep the task short.,School days,10,Easy,High,Writing/handwriting guidance,https://ies.ed.gov/ncee/wwc/practiceguide/17 https://www.readingrockets.org/topics/writing/articles/importance-teaching-handwriting,
HAB-0015,Ages 5-6,5,6,Copy one short word,School skills,"Short, repeated school-skill practice builds fluency so children can focus more attention on ideas, learning, and classroom work.",Look at one short word and copy it carefully.,Pick a familiar word and focus on letter order and spacing.,School days,5,Easy,Moderate,Early literacy guidance,https://www.readingrockets.org/topics/early-literacy-development/articles/learning-read-and-write-what-research-reveals https://ies.ed.gov/ncee/wwc/practiceguide/17,
HAB-0016,Ages 5-6,5,6,Pack one school item the night before,School readiness,"Simple school routines reduce forgotten items, morning stress, and repeated parent-child reminders.",Put tomorrow's folder or water bottle in your bag.,Use a visual checklist and do the first few nights together.,School nights,5,Easy,Moderate,Development guidance + community practice,https://stacks.cdc.gov/view/cdc/155268 https://www.reddit.com/r/Parenting/comments/5chejt/what_kinds_of_chores_do_you_expect_your_age_6ish/ https://www.reddit.com/r/Parenting/comments/16ni7br/whats_your_morning_routine_with_your_kids/,
HAB-0017,Ages 5-6,5,6,Choose clothes for tomorrow,Independence,"Age-sized autonomy lets children practice planning, problem-solving, and ownership with adult backup.",Pick clothes that match tomorrow's weather.,Offer two choices if open-ended choosing causes delays.,School nights,5,Easy,Moderate,Development guidance + community practice,https://stacks.cdc.gov/view/cdc/155268 https://www.reddit.com/r/Parenting/comments/16ni7br/whats_your_morning_routine_with_your_kids/,
HAB-0018,Ages 5-6,5,6,Feed pet with adult check,Home responsibility,"Small household jobs build responsibility, executive function, contribution, and confidence through real practice.","Give the pet food or water, then tell a grown-up.",Use pre-measured portions and check safety every time.,Daily,5,Medium,Moderate,Chore guidance + community practice,https://raisingchildren.net.au/preschoolers/family-life/routines-rituals-rules/chores-for-children https://www.reddit.com/r/Parenting/comments/1p7c06n/parents_of_5yr7yr_olds_what_chore_expectations_do/,
HAB-0019,Ages 5-6,5,6,Five-minute room reset,Organization,"Small household jobs build responsibility, executive function, contribution, and confidence through real practice.",Set a timer and put away as much as you can.,Work side-by-side; use a short timer to keep it finite.,Daily,5,Easy,Moderate,Chore guidance,https://www.healthychildren.org/English/family-life/family-dynamics/communication-discipline/Pages/Chores-and-Responsibility.aspx https://www.pbs.org/parents/thrive/chore-ideas-for-kids-ages-2-to-8,
HAB-0020,Ages 5-6,5,6,Help set napkins or utensils,Family contribution,"Small household jobs build responsibility, executive function, contribution, and confidence through real practice.",Put one napkin or fork at each seat.,Start with non-breakable items and name the contribution.,Daily,5,Easy,Moderate,Chore guidance,https://www.pbs.org/parents/thrive/chore-ideas-for-kids-ages-2-to-8 https://raisingchildren.net.au/preschoolers/family-life/routines-rituals-rules/chores-for-children,
HAB-0021,Ages 5-6,5,6,Name one feeling,Emotional regulation,Naming feelings and choosing a coping step builds self-regulation before problems escalate.,Point to or say the feeling you notice.,Use a feelings chart during calm moments.,Daily,5,Easy,Moderate,Development guidance,https://stacks.cdc.gov/view/cdc/155268,
HAB-0022,Ages 5-6,5,6,Say one kind thing,Social,"Practicing kindness, gratitude, and helpful communication strengthens relationships and moral development.",Give someone a real compliment or thank-you.,Prompt specific praise instead of forced politeness.,Daily,5,Easy,Moderate,Development guidance,https://stacks.cdc.gov/view/cdc/155268,
HAB-0023,Ages 5-6,5,6,Wash hands before eating,Hygiene,Reduces spread of germs and anchors a simple self-care step to meals.,Wash hands before food touches hands.,Use a short song and make sinks/stools accessible.,Daily,5,Easy,High,Public health guidance,https://www.unicefusa.org/what-unicef-does/parenting/teach-children-health-habits https://www.cdc.gov/parents/children/index.html,
HAB-0024,Ages 5-6,5,6,Put shoes and bag in one landing spot,Organization,"Simple school routines reduce forgotten items, morning stress, and repeated parent-child reminders.",Shoes and bag go to their home after school.,Create one hook/bin location near the door.,School days,5,Easy,Moderate,Community practice,https://www.reddit.com/r/Parenting/comments/1bxbm03/7_year_old_chores/ https://www.reddit.com/r/Parenting/comments/16ni7br/whats_your_morning_routine_with_your_kids/,
HAB-0025,Ages 5-6,5,6,Help sort laundry by color or person,Home responsibility,"Small household jobs build responsibility, executive function, contribution, and confidence through real practice.",Match clothes into piles.,Keep sorting simple; do it together.,Daily,10,Easy,Moderate,Chore guidance + community practice,https://www.pbs.org/parents/thrive/chore-ideas-for-kids-ages-2-to-8 https://www.reddit.com/r/Parenting/comments/1p7c06n/parents_of_5yr7yr_olds_what_chore_expectations_do/,
HAB-0026,Ages 5-6,5,6,Put books back after reading,Organization,"Small household jobs build responsibility, executive function, contribution, and confidence through real practice.",Book back on shelf after story time.,Keep shelves reachable and categories simple.,Daily,10,Easy,Moderate,Chore guidance,https://www.healthychildren.org/English/family-life/family-dynamics/communication-discipline/Pages/Chores-and-Responsibility.aspx https://www.pbs.org/parents/thrive/chore-ideas-for-kids-ages-2-to-8,
HAB-0027,Ages 5-6,5,6,Practice a small brave try,Resilience,"Age-sized autonomy lets children practice planning, problem-solving, and ownership with adult backup.",Try one hard thing for two minutes before asking to stop.,"Praise effort and strategy, not perfection.",Daily,2,Medium,Moderate,Development guidance,https://stacks.cdc.gov/view/cdc/155268,
HAB-0028,Ages 5-6,5,6,Use bathroom and handwash before leaving home,Self care,Builds body awareness and reduces stressful last-minute exits.,"Potty, wash, then shoes.",Attach it to the leaving-home checklist.,Daily,5,Easy,Moderate,Community practice,https://www.reddit.com/r/Parenting/comments/16ni7br/whats_your_morning_routine_with_your_kids/,
HAB-0029,Ages 5-6,5,6,Choose a calming bedtime object,Sleep,"Consistent sleep routines support attention, mood, learning, physical health, and smoother family mornings.","Pick the book, stuffy, or blanket for bedtime.",Keep choices limited and predictable.,Daily,5,Easy,Moderate,Sleep guidance,https://www.cdc.gov/sleep/about/index.html,
HAB-0030,Ages 5-6,5,6,Practice sharing or turn-taking,Social,"Practicing kindness, gratitude, and helpful communication strengthens relationships and moral development.","Use 'my turn, your turn' during play.",Coach short turns during calm play.,Daily,5,Medium,Moderate,Development guidance,https://stacks.cdc.gov/view/cdc/155268,
HAB-0031,Ages 5-6,5,6,Help water one plant,Home responsibility,"Small household jobs build responsibility, executive function, contribution, and confidence through real practice.",Check the plant and give it water if it needs it.,Use a small cup and supervise overwatering.,Daily,5,Easy,Moderate,Chore guidance,https://raisingchildren.net.au/preschoolers/family-life/routines-rituals-rules/chores-for-children,
HAB-0032,Ages 7-8,7,8,Brush and floss with checklist,Hygiene,Protects oral health and turns a high-value hygiene task into a predictable morning/evening routine.,Brush twice; floss or use a flosser once.,Spot-check technique and celebrate independence.,Daily,5,Easy,High,Public health guidance,https://www.cdc.gov/oral-health/prevention/oral-health-tips-for-children.html https://www.unicefusa.org/what-unicef-does/parenting/teach-children-health-habits,
HAB-0033,Ages 7-8,7,8,Pack backpack from a short checklist,School readiness,"Simple school routines reduce forgotten items, morning stress, and repeated parent-child reminders.","Folder, lunch box, water bottle, library book: check them off.",Post a 4-6 item list by the bag station.,School nights,10,Easy,Moderate,Development guidance + community practice,https://stacks.cdc.gov/view/cdc/155268 https://www.reddit.com/r/Parenting/comments/5chejt/what_kinds_of_chores_do_you_expect_your_age_6ish/ https://www.reddit.com/r/Parenting/comments/1bxbm03/7_year_old_chores/,
HAB-0034,Ages 7-8,7,8,Empty lunch box after school,School readiness,"Simple school routines reduce forgotten items, morning stress, and repeated parent-child reminders.",Lunch box gets emptied before play.,Make it the first step after shoes/bag.,School days,10,Easy,Moderate,Community practice,https://www.reddit.com/r/Parenting/comments/1bxbm03/7_year_old_chores/,
HAB-0035,Ages 7-8,7,8,Make bed daily,Self care,"Small household jobs build responsibility, executive function, contribution, and confidence through real practice.",Make your sleep space ready for tonight.,Accept age-appropriate neatness; provide a quick demo.,Daily,10,Easy,Moderate,Chore guidance + community practice,https://www.healthychildren.org/English/family-life/family-dynamics/communication-discipline/Pages/Chores-and-Responsibility.aspx https://www.reddit.com/r/Parenting/comments/5chejt/what_kinds_of_chores_do_you_expect_your_age_6ish/,
HAB-0036,Ages 7-8,7,8,Put clean laundry in drawers,Home responsibility,"Small household jobs build responsibility, executive function, contribution, and confidence through real practice.",Put each stack in the right drawer.,Start with sorted piles; label drawers if needed.,Daily,10,Medium,Moderate,Chore guidance + community practice,https://raisingchildren.net.au/preschoolers/family-life/routines-rituals-rules/chores-for-children https://www.reddit.com/r/Parenting/comments/1p7c06n/parents_of_5yr7yr_olds_what_chore_expectations_do/ https://www.reddit.com/r/Parenting/comments/5chejt/what_kinds_of_chores_do_you_expect_your_age_6ish/,
HAB-0037,Ages 7-8,7,8,Set and clear table,Family contribution,"Small household jobs build responsibility, executive function, contribution, and confidence through real practice.","Help the table get ready, then clear your spot.",Use safe items and give a clear start/end.,Daily,10,Easy,Moderate,Chore guidance,https://www.pbs.org/parents/thrive/chore-ideas-for-kids-ages-2-to-8 https://raisingchildren.net.au/preschoolers/family-life/routines-rituals-rules/chores-for-children,
HAB-0038,Ages 7-8,7,8,Sweep a small area,Home responsibility,"Small household jobs build responsibility, executive function, contribution, and confidence through real practice.",Sweep under your chair or one small floor zone.,Give a child-sized broom or define the exact area.,Daily,10,Medium,Moderate,Chore guidance + community practice,https://raisingchildren.net.au/preschoolers/family-life/routines-rituals-rules/chores-for-children https://www.reddit.com/r/Parenting/comments/5chejt/what_kinds_of_chores_do_you_expect_your_age_6ish/,
HAB-0039,Ages 7-8,7,8,Feed pet or refill water bowl,Home responsibility,"Small household jobs build responsibility, executive function, contribution, and confidence through real practice.",Check the pet's water or food with a grown-up.,Use pre-measured scoops and verify completion.,Daily,5,Medium,Moderate,Chore guidance + community practice,https://raisingchildren.net.au/preschoolers/family-life/routines-rituals-rules/chores-for-children https://www.reddit.com/r/Parenting/comments/1p7c06n/parents_of_5yr7yr_olds_what_chore_expectations_do/,
HAB-0040,Ages 7-8,7,8,Pick a 10-minute movement,Movement,"Short movement habits support cardiovascular health, bone and muscle strength, sleep, mood, and self-regulation.","Pick one: bike, dance, walk, playground, or active game for 10 minutes.","Offer varied, enjoyable options rather than only structured sport.",Daily,10,Easy,High,Public health guidance,https://www.cdc.gov/physical-activity-education/guidelines/index.html https://www.healthychildren.org/English/healthy-living/nutrition/Pages/Healthy-Active-Living-for-Families.aspx,
HAB-0041,Ages 7-8,7,8,Try a strength game,Movement,"Jumping, climbing, running, and body-weight play help build strong bones and muscles.","Do 10 jumps, a short climb, animal walks, or a quick running game.",Keep it playful and age-appropriate.,Daily,5,Easy,High,Public health guidance,https://www.cdc.gov/physical-activity-education/guidelines/index.html,
HAB-0042,Ages 7-8,7,8,Practice piano keys for 5 minutes,Music practice,"Short music practice can build rhythm, listening, fine-motor control, attention, and practice discipline.","Play finger numbers, five notes, or a short pattern for 5 minutes.",Keep the practice tiny and stop while it still feels manageable.,Daily,5,Medium,Moderate,Music training research,https://pmc.ncbi.nlm.nih.gov/articles/PMC9393548/ https://www.chhs.niu.edu/child-center/resources/articles/music-and-movement.shtml,
HAB-0043,Ages 7-8,7,8,Practice one guitar chord,Music practice,"Short music practice can build rhythm, listening, fine-motor control, attention, and practice discipline.",Place your fingers for one chord and strum it slowly five times.,Use a beginner chord and praise clean setup over speed.,Daily,10,Medium,Moderate,Music training research,https://pmc.ncbi.nlm.nih.gov/articles/PMC9393548/ https://www.chhs.niu.edu/child-center/resources/articles/music-and-movement.shtml,
HAB-0044,Ages 7-8,7,8,Play one song section,Music practice,"Short music practice can build rhythm, listening, fine-motor control, attention, and practice discipline.",Play a tiny part of a song three times slowly.,"Pick one measure, line, or phrase rather than the whole song.",Daily,10,Medium,Moderate,Music training research,https://pmc.ncbi.nlm.nih.gov/articles/PMC9393548/,
HAB-0045,Ages 7-8,7,8,Water bottle check,Health,Repeated exposure to balanced foods and water helps children practice healthy choices without making food a battle.,Fill your bottle before school or activities.,Put bottle filling on the launch checklist.,Daily,5,Easy,High,Public health guidance,https://www.cdc.gov/healthy-weight-growth/tips-parents-caregivers/index.html https://www.healthychildren.org/English/healthy-living/nutrition/Pages/Healthy-Active-Living-for-Families.aspx,
HAB-0046,Ages 7-8,7,8,Choose a fruit or vegetable side,Nutrition,Repeated exposure to balanced foods and water helps children practice healthy choices without making food a battle.,Add one fruit or veggie to your plate or lunch.,Offer limited choices and avoid pressuring bites.,Daily,10,Easy,High,Public health guidance,https://www.cdc.gov/healthy-weight-growth/tips-parents-caregivers/index.html https://www.healthychildren.org/English/healthy-living/nutrition/Pages/Healthy-Active-Living-for-Families.aspx,
HAB-0047,Ages 7-8,7,8,Help choose one family meal idea,Nutrition,Participating in meal planning builds food literacy and ownership.,"Suggest one dinner, side, or snack for the week.",Keep suggestions realistic; include the child in shopping/prep.,Daily,10,Medium,Moderate,Chore/nutrition guidance,https://raisingchildren.net.au/preschoolers/family-life/routines-rituals-rules/chores-for-children https://www.cdc.gov/healthy-weight-growth/tips-parents-caregivers/index.html,
HAB-0048,Ages 7-8,7,8,Prepare a simple snack,Independence,"Age-sized autonomy lets children practice planning, problem-solving, and ownership with adult backup.",Make a safe snack and clean up after.,Teach 2-3 approved snack options and kitchen safety.,Daily,10,Medium,Moderate,Development + community practice,https://stacks.cdc.gov/view/cdc/155268 https://www.reddit.com/r/Parenting/comments/1q2znto/what_are_normal_chores_and_typical/,
HAB-0049,Ages 7-8,7,8,Five-minute room reset,Organization,"Small household jobs build responsibility, executive function, contribution, and confidence through real practice.",Timer on; floor clear enough to walk and play.,Use short timed resets instead of vague 'clean your room.',Daily,5,Easy,Moderate,Chore guidance + community practice,https://www.healthychildren.org/English/family-life/family-dynamics/communication-discipline/Pages/Chores-and-Responsibility.aspx https://www.reddit.com/r/Parenting/comments/1bxbm03/7_year_old_chores/,
HAB-0050,Ages 7-8,7,8,Put library/book items back,Organization,"Simple school routines reduce forgotten items, morning stress, and repeated parent-child reminders.",Books return to the same spot when finished.,Create one shelf/bin for school and library items.,Daily,5,Easy,Moderate,Community practice,https://www.reddit.com/r/Parenting/comments/5chejt/what_kinds_of_chores_do_you_expect_your_age_6ish/,
HAB-0051,Ages 7-8,7,8,Homework launch ritual,School readiness,"Simple school routines reduce forgotten items, morning stress, and repeated parent-child reminders.","Open folder, choose first task, ask one question if stuck.",Stay nearby but let the child start the task.,School days,5,Medium,Moderate,Development guidance,https://stacks.cdc.gov/view/cdc/155268,
HAB-0052,Ages 7-8,7,8,Name today's feeling plus one next step,Emotional regulation,Naming feelings and choosing a coping step builds self-regulation before problems escalate.,"Say: 'I feel __, so I will __.'","Offer a menu: breathe, water, break, ask for help, or take a pause.",Daily,5,Medium,Moderate,Development guidance,https://stacks.cdc.gov/view/cdc/155268,
HAB-0053,Ages 7-8,7,8,Gratitude or highlight share,Social,"Practicing kindness, gratitude, and helpful communication strengthens relationships and moral development.",Share one good thing or one thank-you from today.,Ask at dinner/bedtime; keep it quick.,Daily,5,Easy,Moderate,Development guidance,https://stacks.cdc.gov/view/cdc/155268,
HAB-0054,Ages 7-8,7,8,Saturday small chore block,Home responsibility,"Small household jobs build responsibility, executive function, contribution, and confidence through real practice.",Do one family job before the weekend adventure.,Pick one clear job; rotate options.,Daily,5,Medium,Moderate,Chore guidance + community practice,https://www.healthychildren.org/English/family-life/family-dynamics/communication-discipline/Pages/Chores-and-Responsibility.aspx https://www.reddit.com/r/Parenting/comments/1bxbm03/7_year_old_chores/,
HAB-0055,Ages 7-8,7,8,Put away shoes and gear,Organization,"Simple school routines reduce forgotten items, morning stress, and repeated parent-child reminders.","Shoes, jacket, and bag go to their homes.",Use hooks/bins and avoid hidden storage.,Daily,5,Easy,Moderate,Community practice,https://www.reddit.com/r/Parenting/comments/1bxbm03/7_year_old_chores/ https://www.reddit.com/r/Parenting/comments/16ni7br/whats_your_morning_routine_with_your_kids/,
HAB-0056,Ages 7-8,7,8,Read for 10 minutes,Learning,"Daily reading practice supports literacy, attention, and calm transitions.",Read or listen to a book for 10 minutes.,Let the child choose books and count read-alouds too.,Daily,10,Easy,Moderate,Development guidance,https://stacks.cdc.gov/view/cdc/155268,
HAB-0057,Ages 7-8,7,8,Copy one sentence neatly,School skills,"Short, repeated school-skill practice builds fluency so children can focus more attention on ideas, learning, and classroom work.",Copy one sentence with clear spacing and careful letters.,Choose a sentence at the child's reading level and avoid erasing for perfection.,School days,10,Easy,High,Writing/handwriting guidance,https://ies.ed.gov/ncee/wwc/practiceguide/17 https://www.readingrockets.org/topics/writing/articles/importance-teaching-handwriting,
HAB-0058,Ages 7-8,7,8,Practice five spelling words,School skills,"Short, repeated school-skill practice builds fluency so children can focus more attention on ideas, learning, and classroom work.","Read, say, and write five spelling words.",Use school words or high-frequency words and keep it brief.,School days,10,Medium,High,Writing guidance,https://ies.ed.gov/ncee/wwc/practiceguide/17 https://www.readingrockets.org/topics/early-literacy-development/articles/learning-read-and-write-what-research-reveals,
HAB-0059,Ages 7-8,7,8,Do five math facts,School skills,Short math-fact practice builds recall and confidence for classroom problem solving.,Answer five math facts slowly and check your work.,Use facts from school and stop before it feels like a long drill.,School days,10,Easy,Moderate,Development-informed school practice,https://stacks.cdc.gov/view/cdc/155268,
HAB-0060,Ages 7-8,7,8,Practice one hard skill kindly,Resilience,"Age-sized autonomy lets children practice planning, problem-solving, and ownership with adult backup.","Try, notice what changed, then decide the next step.","Praise process, strategy, and persistence.",Daily,5,Medium,Moderate,Development guidance,https://stacks.cdc.gov/view/cdc/155268,
HAB-0061,Ages 7-8,7,8,Help unload safe dishwasher items,Home responsibility,"Small household jobs build responsibility, executive function, contribution, and confidence through real practice.","Put away forks, spoons, cups, or plastic items.",Keep sharp/heavy items for adults.,Daily,5,Medium,Moderate,Chore guidance + community practice,https://raisingchildren.net.au/preschoolers/family-life/routines-rituals-rules/chores-for-children https://www.reddit.com/r/Parenting/comments/1q2znto/what_are_normal_chores_and_typical/,
HAB-0062,Ages 9-10,9,10,Do a morning launch check,Independence,"Age-sized autonomy lets children practice planning, problem-solving, and ownership with adult backup.","Check bag, water bottle, shoes, and one thing you need today.",Review the list weekly; step back unless safety/time requires help.,School days,5,Easy,Moderate,Development guidance + community practice,https://www.chconline.org/resourcelibrary/positive-parenting-tips-middle-childhood-9-11-years-old/ https://www.reddit.com/r/Parenting/comments/16ni7br/whats_your_morning_routine_with_your_kids/,
HAB-0063,Ages 9-10,9,10,Pack backpack and activity gear,School readiness,"Simple school routines reduce forgotten items, morning stress, and repeated parent-child reminders.",Pack tomorrow's school and activity items before bedtime.,Keep a visible checklist for special days.,School nights,5,Medium,Moderate,Development guidance + community practice,https://www.chconline.org/resourcelibrary/positive-parenting-tips-middle-childhood-9-11-years-old/ https://www.reddit.com/r/Parenting/comments/5chejt/what_kinds_of_chores_do_you_expect_your_age_6ish/,
HAB-0064,Ages 9-10,9,10,Make simple lunch or lunch component,Food independence,"Age-sized autonomy lets children practice planning, problem-solving, and ownership with adult backup.","Make one lunch part: sandwich, fruit, snack, or bottle.",Teach food safety and give approved options.,School days,10,Medium,Moderate,Community practice,https://www.reddit.com/r/Parenting/comments/1q2znto/what_are_normal_chores_and_typical/ https://www.reddit.com/r/Parenting/comments/1dt0b62/what_types_of_chores_would_you_give_a_10_year_old/,
HAB-0065,Ages 9-10,9,10,Do personal laundry step,Home responsibility,"Small household jobs build responsibility, executive function, contribution, and confidence through real practice.","Sort, fold, put away, or start a supervised load.",Teach one laundry step at a time.,Daily,10,Medium,Moderate,Chore guidance + community practice,https://raisingchildren.net.au/preschoolers/family-life/routines-rituals-rules/chores-for-children https://www.reddit.com/r/Parenting/comments/1q2znto/what_are_normal_chores_and_typical/ https://www.reddit.com/r/Parenting/comments/1dt0b62/what_types_of_chores_would_you_give_a_10_year_old/,
HAB-0066,Ages 9-10,9,10,Clean desk or homework zone,Organization,"Simple school routines reduce forgotten items, morning stress, and repeated parent-child reminders.",Clear your study spot so tomorrow starts easier.,"Provide bins for papers, supplies, and trash.",Daily,5,Medium,Moderate,Development guidance,https://www.chconline.org/resourcelibrary/positive-parenting-tips-middle-childhood-9-11-years-old/,
HAB-0067,Ages 9-10,9,10,Use homework planner,Executive function,"Simple school routines reduce forgotten items, morning stress, and repeated parent-child reminders.","Write homework, due dates, or tomorrow's reminder.","Check it briefly, then let the child own updates.",School days,5,Medium,Moderate,Development guidance,https://www.chconline.org/resourcelibrary/positive-parenting-tips-middle-childhood-9-11-years-old/,
HAB-0068,Ages 9-10,9,10,Copy class notes for 10 minutes,School skills,"Short, repeated school-skill practice builds fluency so children can focus more attention on ideas, learning, and classroom work.",Copy or rewrite important class notes for 10 minutes.,"Help choose one subject and emphasize readable notes, not perfect notes.",School days,10,Medium,High,Writing guidance,https://ies.ed.gov/ncee/wwc/practiceguide/17 https://lsc.cornell.edu/how-to-study/taking-notes/cornell-note-taking-system/,
HAB-0069,Ages 9-10,9,10,Write one clear summary sentence,School skills,"Short, repeated school-skill practice builds fluency so children can focus more attention on ideas, learning, and classroom work.","After reading or class, write one sentence about the main idea.",Ask 'what was this mostly about?' and keep it to one sentence.,School days,10,Medium,High,Writing guidance,https://ies.ed.gov/ncee/wwc/practiceguide/17 https://www.readingrockets.org/topics/early-literacy-development/articles/learning-read-and-write-what-research-reveals,
HAB-0070,Ages 9-10,9,10,Review five vocabulary words,School skills,"Short, repeated school-skill practice builds fluency so children can focus more attention on ideas, learning, and classroom work.",Read five vocabulary words and say what they mean.,Use school words or a short card stack.,School days,10,Medium,Moderate,Development-informed school practice,https://www.chconline.org/resourcelibrary/positive-parenting-tips-middle-childhood-9-11-years-old/ https://ies.ed.gov/ncee/wwc/practiceguide/17,
HAB-0071,Ages 9-10,9,10,Do 10 minutes of math practice,School skills,Short math practice helps build fluency while keeping the task manageable.,"Do math facts, one worksheet section, or practice problems for 10 minutes.",Keep the work bite-sized and matched to school topics.,School days,10,Medium,Moderate,Development-informed school practice,https://www.chconline.org/resourcelibrary/positive-parenting-tips-middle-childhood-9-11-years-old/,
HAB-0072,Ages 9-10,9,10,Break big task into three steps,Executive function,"Age-sized autonomy lets children practice planning, problem-solving, and ownership with adult backup.",Name the first three steps before starting.,Model with chores/homework; keep steps concrete.,Daily,5,Medium,Moderate,Development guidance,https://www.chconline.org/resourcelibrary/positive-parenting-tips-middle-childhood-9-11-years-old/,
HAB-0073,Ages 9-10,9,10,Do a 10-minute active burst,Movement,"Short movement habits support cardiovascular health, bone and muscle strength, sleep, mood, and self-regulation.","Get your heart moving for 10 minutes through play, biking, dance, or walking.",Offer autonomy; track participation without shaming.,Daily,10,Easy,High,Public health guidance,https://www.cdc.gov/physical-activity-education/guidelines/index.html https://www.healthychildren.org/English/healthy-living/nutrition/Pages/Healthy-Active-Living-for-Families.aspx,
HAB-0074,Ages 9-10,9,10,Do a quick strength challenge,Movement,Muscle- and bone-strengthening activity several days weekly supports growth and fitness.,"Choose 10 jumps, wall pushups, bear crawls, stair steps, or a quick sport drill.",Keep it playful and age-appropriate.,Daily,5,Easy,High,Public health guidance,https://www.cdc.gov/physical-activity-education/guidelines/index.html,
HAB-0075,Ages 9-10,9,10,Practice scales for 5 minutes,Music practice,"Short music practice can build rhythm, listening, fine-motor control, attention, and practice discipline.",Play one scale or five-note pattern slowly for 5 minutes.,Choose a level-appropriate scale or pattern.,Daily,5,Medium,Moderate,Music training research,https://pmc.ncbi.nlm.nih.gov/articles/PMC9393548/,
HAB-0076,Ages 9-10,9,10,Practice chord changes,Music practice,"Short music practice can build rhythm, listening, fine-motor control, attention, and practice discipline.",Switch between two piano or guitar chords slowly 10 times.,Pick easy chords and prioritize relaxed hands.,Daily,10,Medium,Moderate,Music training research,https://pmc.ncbi.nlm.nih.gov/articles/PMC9393548/ https://www.chhs.niu.edu/child-center/resources/articles/music-and-movement.shtml,
HAB-0077,Ages 9-10,9,10,Clap and count rhythm,Music practice,"Short music practice can build rhythm, listening, fine-motor control, attention, and practice discipline.",Count aloud and clap one rhythm pattern three times.,"Use a written rhythm, lesson book, or familiar song pattern.",Daily,10,Medium,Moderate,Music/rhythm research,https://pmc.ncbi.nlm.nih.gov/articles/PMC10216937/ https://pmc.ncbi.nlm.nih.gov/articles/PMC9393548/,
HAB-0078,Ages 9-10,9,10,Plan balanced snack,Nutrition,Repeated exposure to balanced foods and water helps children practice healthy choices without making food a battle.,"Choose a snack with color, protein, or water.",Create a short approved snack list.,Daily,10,Easy,High,Public health guidance,https://www.cdc.gov/healthy-weight-growth/tips-parents-caregivers/index.html https://www.healthychildren.org/English/healthy-living/nutrition/Pages/Healthy-Active-Living-for-Families.aspx,
HAB-0079,Ages 9-10,9,10,Help prep family meal,Food independence,"Age-sized autonomy lets children practice planning, problem-solving, and ownership with adult backup.","Wash produce, stir, measure, set table, or serve.",Assign safe prep tasks and supervise heat/sharp tools.,Daily,10,Medium,Moderate,Chore/nutrition guidance,https://raisingchildren.net.au/preschoolers/family-life/routines-rituals-rules/chores-for-children https://www.cdc.gov/healthy-weight-growth/tips-parents-caregivers/index.html,
HAB-0080,Ages 9-10,9,10,Clear and wipe eating spot,Home responsibility,"Small household jobs build responsibility, executive function, contribution, and confidence through real practice.",Clear dishes and wipe your place after eating.,Keep safe cloth/spray available.,Daily,5,Easy,Moderate,Chore guidance + community practice,https://raisingchildren.net.au/preschoolers/family-life/routines-rituals-rules/chores-for-children https://www.reddit.com/r/Parenting/comments/1dt0b62/what_types_of_chores_would_you_give_a_10_year_old/,
HAB-0081,Ages 9-10,9,10,Vacuum or sweep one room,Home responsibility,"Small household jobs build responsibility, executive function, contribution, and confidence through real practice.",Take care of one floor zone.,Teach tool use and define 'done.',Daily,10,Medium,Moderate,Chore guidance + community practice,https://raisingchildren.net.au/preschoolers/family-life/routines-rituals-rules/chores-for-children https://www.reddit.com/r/Parenting/comments/1dt0b62/what_types_of_chores_would_you_give_a_10_year_old/,
HAB-0082,Ages 9-10,9,10,Take out light trash or recycling,Home responsibility,"Small household jobs build responsibility, executive function, contribution, and confidence through real practice.",Move one safe bag/bin to the right place.,Avoid heavy bags and unsafe routes.,Daily,5,Medium,Moderate,Chore guidance,https://raisingchildren.net.au/preschoolers/family-life/routines-rituals-rules/chores-for-children,
HAB-0083,Ages 9-10,9,10,Care for pet routine,Home responsibility,"Small household jobs build responsibility, executive function, contribution, and confidence through real practice.","Feed, water, brush, walk with adult, or clean a safe pet area.",Set reminders and verify animal welfare.,Daily,5,Medium,Moderate,Chore guidance + community practice,https://raisingchildren.net.au/preschoolers/family-life/routines-rituals-rules/chores-for-children https://www.reddit.com/r/Parenting/comments/1dt0b62/what_types_of_chores_would_you_give_a_10_year_old/,
HAB-0084,Ages 9-10,9,10,Daily feelings check,Emotional regulation,Naming feelings and choosing a coping step builds self-regulation before problems escalate.,Rate your feeling 1-5 and pick one helpful action.,Offer privacy; avoid turning it into interrogation.,Daily,5,Medium,Moderate,Development guidance,https://www.chconline.org/resourcelibrary/positive-parenting-tips-middle-childhood-9-11-years-old/,
HAB-0085,Ages 9-10,9,10,Read before bed,Sleep/learning,"Consistent sleep routines support attention, mood, learning, physical health, and smoother family mornings.",Use reading as the last quiet activity.,Keep books near bed and let the child choose appealing titles.,Daily,10,Easy,High,Sleep guidance,https://www.cdc.gov/sleep/about/index.html,
HAB-0086,Ages 9-10,9,10,Keep bedroom walkway clear,Organization,"Small household jobs build responsibility, executive function, contribution, and confidence through real practice.",Floor clear enough to walk safely.,Define one visible standard instead of total-room perfection.,Daily,5,Easy,Moderate,Community practice,https://www.reddit.com/r/Parenting/comments/5chejt/what_kinds_of_chores_do_you_expect_your_age_6ish/ https://www.reddit.com/r/Parenting/comments/1dt0b62/what_types_of_chores_would_you_give_a_10_year_old/,
HAB-0087,Ages 9-10,9,10,Weekly sheets or towel reset,Self care,"Small household jobs build responsibility, executive function, contribution, and confidence through real practice.",Bring used towel/sheets to laundry and help replace them.,Teach sequence; help with fitted sheets if needed.,Daily,10,Medium,Moderate,Community practice,https://www.reddit.com/r/Parenting/comments/1dt0b62/what_types_of_chores_would_you_give_a_10_year_old/ https://raisingchildren.net.au/preschoolers/family-life/routines-rituals-rules/chores-for-children,
HAB-0088,Ages 9-10,9,10,Drink water before sweet drinks,Health,Repeated exposure to balanced foods and water helps children practice healthy choices without making food a battle.,Water first when thirsty.,Keep water available and treat sweet drinks as occasional.,Daily,5,Easy,High,Public health guidance,https://www.cdc.gov/healthy-weight-growth/tips-parents-caregivers/index.html https://www.healthychildren.org/English/healthy-living/nutrition/Pages/Healthy-Active-Living-for-Families.aspx,
HAB-0089,Ages 9-10,9,10,Help younger sibling or family member,Family contribution,"Practicing kindness, gratitude, and helpful communication strengthens relationships and moral development.",Do one helpful thing without taking over.,Name the contribution and keep expectations reasonable.,Daily,5,Medium,Moderate,Development guidance,https://www.chconline.org/resourcelibrary/positive-parenting-tips-middle-childhood-9-11-years-old/,
HAB-0090,Ages 11-12,11,12,Do an evening launch check,Independence,"Age-sized autonomy lets children practice planning, problem-solving, and ownership with adult backup.","Check tomorrow's bag, clothes, and one reminder before bed.",Review expectations weekly; step back unless safety/time requires help.,Daily,5,Easy,Moderate,Development guidance,https://www.chconline.org/resourcelibrary/positive-parenting-tips-middle-childhood-9-11-years-old/,
HAB-0091,Ages 11-12,11,12,Maintain planner for assignments and activities,Executive function,"Simple school routines reduce forgotten items, morning stress, and repeated parent-child reminders.","Write the task, deadline, and next action.","Check less often over time; focus on systems, not nagging.",School days,5,Medium,Moderate,Development guidance,https://www.chconline.org/resourcelibrary/positive-parenting-tips-middle-childhood-9-11-years-old/,
HAB-0092,Ages 11-12,11,12,Add three note keywords,School skills,"Short, repeated school-skill practice builds fluency so children can focus more attention on ideas, learning, and classroom work.",Pick three keywords from today's notes or reading.,Use a notebook margin or study card; keep it quick.,School days,10,Medium,High,Note-taking/writing guidance,https://lsc.cornell.edu/how-to-study/taking-notes/cornell-note-taking-system/ https://ies.ed.gov/ncee/wwc/practiceguide/17,
HAB-0093,Ages 11-12,11,12,Write a two-sentence lesson summary,School skills,"Short, repeated school-skill practice builds fluency so children can focus more attention on ideas, learning, and classroom work.",Write two sentences about what you learned today.,"Prompt for main idea first, then one detail.",School days,10,Medium,High,Writing guidance,https://ies.ed.gov/ncee/wwc/practiceguide/17 https://lsc.cornell.edu/how-to-study/taking-notes/cornell-note-taking-system/,
HAB-0094,Ages 11-12,11,12,Revise one sentence,School skills,"Short, repeated school-skill practice builds fluency so children can focus more attention on ideas, learning, and classroom work.","Pick one sentence and make it clearer, neater, or more complete.","Focus on one edit: clarity, spelling, punctuation, or handwriting.",School days,10,Medium,High,Writing guidance,https://ies.ed.gov/ncee/wwc/practiceguide/17,
HAB-0095,Ages 11-12,11,12,Review five study cards,School skills,"Short, repeated school-skill practice builds fluency so children can focus more attention on ideas, learning, and classroom work.","Review five cards for vocabulary, facts, formulas, or dates.",Keep the stack small so the habit stays fast.,School days,10,Easy,Moderate,Study skills guidance,https://lsc.cornell.edu/how-to-study/taking-notes/cornell-note-taking-system/ https://www.chconline.org/resourcelibrary/positive-parenting-tips-middle-childhood-9-11-years-old/,
HAB-0096,Ages 11-12,11,12,Prepare school bag and gear independently,School readiness,"Simple school routines reduce forgotten items, morning stress, and repeated parent-child reminders.",Pack what tomorrow-you needs tonight.,"Use special-day prompts only: PE, library, practice, project.",School nights,5,Medium,Moderate,Development guidance + community practice,https://www.chconline.org/resourcelibrary/positive-parenting-tips-middle-childhood-9-11-years-old/ https://www.reddit.com/r/Parenting/comments/1dt0b62/what_types_of_chores_would_you_give_a_10_year_old/,
HAB-0097,Ages 11-12,11,12,Make simple breakfast or lunch,Food independence,"Age-sized autonomy lets children practice planning, problem-solving, and ownership with adult backup.",Make one simple meal or meal part and clean up.,Teach knife/heat safety; approve recipes and boundaries.,Daily,10,Medium,Moderate,Community practice,https://www.reddit.com/r/Parenting/comments/1q2znto/what_are_normal_chores_and_typical/ https://www.reddit.com/r/Parenting/comments/1dt0b62/what_types_of_chores_would_you_give_a_10_year_old/,
HAB-0098,Ages 11-12,11,12,Plan one balanced snack or lunch,Nutrition,Repeated exposure to balanced foods and water helps children practice healthy choices without making food a battle.,"Include water plus a fruit/veg, protein, or whole-grain option.",Stock accessible ingredients and avoid food moralizing.,Daily,10,Medium,High,Public health guidance,https://www.cdc.gov/healthy-weight-growth/tips-parents-caregivers/index.html https://www.healthychildren.org/English/healthy-living/nutrition/Pages/Healthy-Active-Living-for-Families.aspx,
HAB-0099,Ages 11-12,11,12,Contribute to grocery or meal planning,Nutrition,"Meal planning builds food literacy, autonomy, and realistic family contribution.",Add one useful item or meal idea to the family list.,Keep suggestions realistic and give a clear place to add ideas.,Daily,10,Medium,Moderate,Chore/nutrition guidance,https://raisingchildren.net.au/preschoolers/family-life/routines-rituals-rules/chores-for-children https://www.cdc.gov/healthy-weight-growth/tips-parents-caregivers/index.html,
HAB-0100,Ages 11-12,11,12,Put one laundry stack away,Home responsibility,"Small household jobs build responsibility, executive function, contribution, and confidence through real practice.",Put one folded stack of clothes into the right drawer or shelf.,Teach drawer locations and keep the stack small enough to finish quickly.,Daily,10,Medium,Moderate,Chore guidance + community practice,https://raisingchildren.net.au/preschoolers/family-life/routines-rituals-rules/chores-for-children https://www.reddit.com/r/Parenting/comments/1q2znto/what_are_normal_chores_and_typical/ https://www.reddit.com/r/Parenting/comments/1dt0b62/what_types_of_chores_would_you_give_a_10_year_old/,
HAB-0101,Ages 11-12,11,12,Clean bathroom sink or mirror,Home responsibility,"Small household jobs build responsibility, executive function, contribution, and confidence through real practice.",Reset one bathroom surface safely.,Use child-safe products and define what chemicals are off-limits.,Daily,5,Medium,Moderate,Chore guidance,https://raisingchildren.net.au/preschoolers/family-life/routines-rituals-rules/chores-for-children,
HAB-0102,Ages 11-12,11,12,Vacuum or sweep bedroom/common area,Home responsibility,"Small household jobs build responsibility, executive function, contribution, and confidence through real practice.",Clean one assigned floor zone.,Teach tool care and the visible standard.,Daily,10,Medium,Moderate,Chore guidance + community practice,https://raisingchildren.net.au/preschoolers/family-life/routines-rituals-rules/chores-for-children https://www.reddit.com/r/Parenting/comments/1dt0b62/what_types_of_chores_would_you_give_a_10_year_old/,
HAB-0103,Ages 11-12,11,12,Unload/load dishwasher safely,Home responsibility,"Small household jobs build responsibility, executive function, contribution, and confidence through real practice.",Put dishes where they belong; leave sharp/heavy items if needed.,Teach cabinet locations and safety rules.,Daily,5,Medium,Moderate,Chore guidance + community practice,https://raisingchildren.net.au/preschoolers/family-life/routines-rituals-rules/chores-for-children https://www.reddit.com/r/Parenting/comments/1q2znto/what_are_normal_chores_and_typical/,
HAB-0104,Ages 11-12,11,12,Take responsibility for pet task,Home responsibility,"Small household jobs build responsibility, executive function, contribution, and confidence through real practice.",Complete the pet task and mark it done.,Verify completion because animal care is safety-critical.,Daily,5,Medium,Moderate,Chore guidance + community practice,https://raisingchildren.net.au/preschoolers/family-life/routines-rituals-rules/chores-for-children https://www.reddit.com/r/Parenting/comments/1dt0b62/what_types_of_chores_would_you_give_a_10_year_old/,
HAB-0105,Ages 11-12,11,12,Take a 10-minute active break,Movement,"Short movement habits support cardiovascular health, bone and muscle strength, sleep, mood, and self-regulation.","Choose a walk, bike, dance, sport drill, or active game for 10 minutes.","Help the child find enjoyable, social, or skill-based options.",Daily,10,Easy,High,Public health guidance,https://www.cdc.gov/physical-activity-education/guidelines/index.html https://www.healthychildren.org/English/healthy-living/nutrition/Pages/Healthy-Active-Living-for-Families.aspx,
HAB-0106,Ages 11-12,11,12,Try one quick sport skill,Movement,"Enjoyable, varied movement is more likely to stick as children gain independence.","Practice one sport, walk, bike, or active skill for 10 minutes.",Offer choice and remove barriers like equipment/transport.,Daily,10,Easy,High,Public health guidance,https://www.cdc.gov/physical-activity-education/guidelines/index.html,
HAB-0107,Ages 11-12,11,12,Practice instrument for 10 minutes,Music practice,"Short music practice can build rhythm, listening, fine-motor control, attention, and practice discipline.","Practice piano, guitar, voice, or another instrument for 10 minutes.",Help pick one clear focus before the timer starts.,Daily,10,Medium,Moderate,Music training research,https://pmc.ncbi.nlm.nih.gov/articles/PMC9393548/,
HAB-0108,Ages 11-12,11,12,Slow-practice one hard measure,Music practice,"Short music practice can build rhythm, listening, fine-motor control, attention, and practice discipline.",Play one tricky measure or phrase slowly five times.,Choose a tiny section so practice stays focused and finishable.,Daily,5,Medium,Moderate,Music training research,https://pmc.ncbi.nlm.nih.gov/articles/PMC9393548/,
HAB-0109,Ages 11-12,11,12,Record one practice take,Music practice,"Short music practice can build rhythm, listening, fine-motor control, attention, and practice discipline.",Play a short section once and listen back.,"Keep feedback specific: one thing that improved, one thing to try.",Daily,5,Medium,Low,Development-informed music practice,https://pmc.ncbi.nlm.nih.gov/articles/PMC9393548/,
HAB-0110,Ages 11-12,11,12,Daily mood check,Emotional regulation,Naming feelings and choosing a coping step builds self-regulation before problems escalate.,"Notice your mood, one body signal, and one helpful action.",Offer privacy and normalize stress without minimizing it.,Daily,5,Medium,Moderate,Development guidance,https://www.chconline.org/resourcelibrary/positive-parenting-tips-middle-childhood-9-11-years-old/,
HAB-0111,Ages 11-12,11,12,"Read, journal, or draw before bed",Sleep/learning,"Consistent sleep routines support attention, mood, learning, physical health, and smoother family mornings.",Choose a quiet activity before sleep.,"Keep books, journals, or drawing supplies easy to reach.",Daily,10,Easy,High,Sleep guidance,https://www.cdc.gov/sleep/about/index.html,
HAB-0112,Ages 11-12,11,12,Own hygiene kit,Hygiene,Protects oral health and turns a high-value hygiene task into a predictable morning/evening routine.,"Check teeth, deodorant if relevant, hair, and clean clothes.",Discuss body changes respectfully and privately.,Daily,5,Medium,High,Public health guidance,https://www.cdc.gov/oral-health/prevention/oral-health-tips-for-children.html https://www.cdc.gov/parents/children/index.html,
HAB-0113,Ages 11-12,11,12,Do a 10-minute bedroom reset,Organization,"Small household jobs build responsibility, executive function, contribution, and confidence through real practice.","Spend 10 minutes on laundry, floor, trash, or school items.",Define one small zone or use a timer.,Daily,10,Medium,Moderate,Chore guidance + community practice,https://www.healthychildren.org/English/family-life/family-dynamics/communication-discipline/Pages/Chores-and-Responsibility.aspx https://www.reddit.com/r/Parenting/comments/1dt0b62/what_types_of_chores_would_you_give_a_10_year_old/,
